<?xml version="1.0" encoding="UTF-8" ?>
<XMLDB PATH="mod/quizgame/db" VERSION="20170111" COMMENT="XMLDB file for Moodle mod/quizgame"
    xmlns:xsi="http://www.w3.org/2001/XMLSchema-instance"
    xsi:noNamespaceSchemaLocation="../../../lib/xmldb/xmldb.xsd"
>
  <TABLES>
    <TABLE NAME="quizgame" COMMENT="Use the Quizventure module to give the students a fun way of learning.">
      <FIELDS>
        <FIELD NAME="id" TYPE="int" LENGTH="10" NOTNULL="true" SEQUENCE="true"/>
        <FIELD NAME="course" TYPE="int" LENGTH="10" NOTNULL="true" SEQUENCE="false" COMMENT="Course quizgame activity belongs to"/>
        <FIELD NAME="name" TYPE="char" LENGTH="255" NOTNULL="true" SEQUENCE="false" COMMENT="name field for moodle instances"/>
        <FIELD NAME="intro" TYPE="text" NOTNULL="false" SEQUENCE="false" COMMENT="General introduction of the quizgame activity"/>
        <FIELD NAME="introformat" TYPE="int" LENGTH="4" NOTNULL="true" DEFAULT="0" SEQUENCE="false" COMMENT="Format of the intro field (MOODLE, HTML, MARKDOWN...)"/>
        <FIELD NAME="timecreated" TYPE="int" LENGTH="10" NOTNULL="true" SEQUENCE="false"/>
        <FIELD NAME="timemodified" TYPE="int" LENGTH="10" NOTNULL="true" DEFAULT="0" SEQUENCE="false"/>
        <FIELD NAME="questioncategory" TYPE="text" NOTNULL="false" SEQUENCE="false" COMMENT="The category from which to get the questions"/>
        <FIELD NAME="grade" TYPE="int" LENGTH="10" NOTNULL="true" DEFAULT="100" SEQUENCE="false" COMMENT="Grade scale"/>
      </FIELDS>
      <KEYS>
        <KEY NAME="primary" TYPE="primary" FIELDS="id"/>
      </KEYS>
      <INDEXES>
        <INDEX NAME="course" UNIQUE="false" FIELDS="course"/>
      </INDEXES>
    </TABLE>
    <TABLE NAME="quizgame_scores" COMMENT="The scores for all players">
      <FIELDS>
        <FIELD NAME="id" TYPE="int" LENGTH="10" NOTNULL="true" SEQUENCE="true"/>
        <FIELD NAME="quizgameid" TYPE="int" LENGTH="10" NOTNULL="true" SEQUENCE="false" COMMENT="The identifier of the quizgame instance on which this score was obtained."/>
        <FIELD NAME="userid" TYPE="int" LENGTH="20" NOTNULL="false" SEQUENCE="false" COMMENT="The id of the user that achieved the score"/>
        <FIELD NAME="score" TYPE="int" LENGTH="20" NOTNULL="true" DEFAULT="0" SEQUENCE="false" COMMENT="The score the player got"/>
      </FIELDS>
      <KEYS>
        <KEY NAME="primary" TYPE="primary" FIELDS="id"/>
        <KEY NAME="userid" TYPE="foreign" FIELDS="userid" REFTABLE="user" REFFIELDS="id" COMMENT="The id of the user that achieved the score"/>
      </KEYS>
    </TABLE>
  </TABLES>
</XMLDB>